{
    "rmse": 0.6481362334326225,
    "mae": 0.5218481350146466,
    "r2": 0.24391544800535114
}