{
    "rmse": 0.7142713536928561,
    "mae": 0.5614654642117436,
    "r2": 0.24248210661758152
}